Experiment,Biomass (mg dw/L),PHB (mg/L),% PHB,PHV (mg/L),% PHV,5-ALA (micromol/L),Q10 (mg/g dw),Carotenoids (mg/g dw),Experiment,Time (d),g substrate COD/L,Type of substrate,mg N/L,C/N (molar base),mg ethanol/L,Fraction mineral medium,g NaHCO3/L,Illumination,Levulinic acid,Fe (mg Ferric citrate/L),Operation mode,% Volume exchange
1,2317,81,3.5,8.5,0.4,,,,,5,5.13,Acetate,154.7,14.5,0,1,0,continuous,No,5,Batch,100
2,2467,85.56,3.47,11.97,0.57,,,,,5,5.13,Acetate,154.7,14.5,0,1,0,continuous,No,5,Batch,100
3,1150,69.51,6.04,8.95,0.7,,,,,5,5.13,Acetate,154.7,8.7,0,1,0,continuous,No,5,Batch,100
4,1133,54,5.31,8.67,0.68,,,,,5,5.13,Acetate,154.7,8.7,0,1,0,continuous,No,5,Batch,100
5,1683,91.85,5.46,4.72,0.31,,,,,5,5.13,Acetate,0,16,0,1,0,continuous,No,5,Batch,100
6,1667,93.18,5.59,5.12,0.34,,,,,5,5.13,Acetate,0,16,0,1,0,continuous,No,5,Batch,100
7,2000,81.6,4.08,7.8,0.39,,,,,5,5.13,Acetate,154.7,8.7,0,1,0,continuous,No,5,Batch,100
8,2067,83.51,4.04,8.27,0.41,,,,,5,5.13,Acetate,154.7,8.7,0,1,0,continuous,No,5,Batch,100
9,2133,88.28,4.14,9.81,0.46,,,,,5,5.13,Acetate,154.7,8.7,0,1,0,continuous,No,5,Batch,100
10,2083,85.4,4.1,10.41,0.48,,,,,5,5.13,Acetate,154.7,16.3,0,1,0,continuous,No,5,Batch,100
11,1313,131,9.6,12.5,1,,,,,3,5.13,Acetate,154.7,16.3,0,1,0,continuous,No,5,Batch,100
12,1237,99,8.4,9.5,0.8,,,,,3,5.13,Acetate,154.7,16.3,0,1,0,continuous,No,5,Batch,100
13,1333,120.68,9.05,7.71,0.58,,,,,4,5.9,Acetate,154.7,16,0.79,1,0,continuous,No,5,Batch,100
14,1383,125.21,9.05,8,0.58,,,,,4,5.9,Acetate,154.7,16,0.79,1,0,continuous,No,5,Batch,100
15,1667,202.07,12.12,9.59,0.58,,,,,4,5.9,Acetate,154.7,16,0.79,1,0,continuous,No,5,Batch,100
16,1733,210.15,12.12,9.97,0.58,,,,,4,5.9,Acetate,154.7,16,0.79,1,0,continuous,No,5,Batch,100
17,817,74.8372,9.16,4.89,0.6,,,,,4,5.9,Acetate,154.7,16,0,1,0,continuous,No,5,Batch,100
18,933,86.6757,9.29,5.67,0.61,,,,,4,5.9,Acetate,154.7,16,0,1,0,continuous,No,5,Batch,100
19,1683,154.86,9.2,10.9,0.65,,,,,4,5.9,Acetate,154.7,16,0,1,0,continuous,No,5,Batch,100
20,1717,157.93,9.2,11.11,0.65,,,,,4,5.9,Acetate,154.7,16,0,1,0,continuous,No,5,Batch,100
21,1417,238.44,16.83,10.65,0.75,,,,,3,3.57,Acetate,130,12,0.79,1,0,continuous,No,5,Batch,100
22,1367,230.03,16.83,10.27,0.75,,,,,3,3.57,Acetate,130,12,0.79,1,0,continuous,No,5,Batch,100
23,1417,207.58,14.65,9.3,0.66,,,,,3,3.86,Acetate,130,13,0.79,1,0,continuous,No,5,Batch,100
24,1467,214.91,14.65,9.63,0.66,,,,,3,3.86,Acetate,130,13,0.79,1,0,continuous,No,5,Batch,100
25,1433,225.72,15.75,10.67,0.74,,,,,3,4.16,Acetate,130,14,0.79,1,0,continuous,No,5,Batch,100
26,1400,220.47,15.75,10.43,0.74,,,,,3,4.16,Acetate,130,14,0.79,1,0,continuous,No,5,Batch,100
27,1333,195.24,14.64,11.37,0.85,,,,,3,4.76,Acetate,130,16,0.79,1,0,continuous,No,5,Batch,100
28,1350,197.68,14.64,11.51,0.85,,,,,3,4.76,Acetate,130,16,0.79,1,0,continuous,No,5,Batch,100
29,1538,158.07,10.28,0.6,0.6,,,,,5,5.36,Acetate,130,18,0.79,1,0,continuous,No,5,Batch,100
30,1463,158.49,10.84,0.65,0.65,,,,,5,5.36,Acetate,130,18,0.79,1,0,continuous,No,5,Batch,100
31,1313,136.59,10.41,0.67,0.67,,,,,5,5.95,Acetate,130,20,0.79,1,0,continuous,No,5,Batch,100
32,1212,126.19,10.41,0.67,0.67,,,,,5,5.95,Acetate,130,20,0.79,1,0,continuous,No,5,Batch,100
33,1513,118.58,7.22,,,,,,,4,3.86,Acetate,249.9,9,0,1,0,continuous,No,5,Batch,100
34,1575,115.41,7.22,,,,,,,4,3.86,Acetate,249.9,9,0,1,0,continuous,No,5,Batch,100
35,1513,125.64,8.97,,,,,,,4,5.5,Acetate,354.6,9,0.79,1,0,continuous,No,5,Batch,100
36,1675,145.93,8.62,,,,,,,4,5.5,Acetate,354.6,9,0.79,1,0,continuous,No,5,Batch,100
37,1650,121.71,8.71,,,,,,,4,7.16,Acetate,463.54,9,1.58,1,0,continuous,No,5,Batch,100
38,1563,136.49,8.71,,,,,,,4,7.16,Acetate,463.54,9,1.58,1,0,continuous,No,5,Batch,100
39,1883,148.89,7.91,19.2,1.02,,,,,4,4.97,MCCA,154.7,14,0.79,1,1.5,continuous,No,5,Batch,100
40,1883,148.89,7.91,19.2,1.02,,,,,4,4.97,MCCA,154.7,14,0.79,1,1.5,continuous,No,5,Batch,100
41,1617,127.72,7.9,12.08,0.75,,,,,4,4.97,MCCA,154.7,14,0.79,1,0,continuous,No,5,Batch,100
42,1617,127.72,7.9,12.08,0.75,,,,,4,4.97,MCCA,154.7,14,0.79,1,0,continuous,No,5,Batch,100
43,1917,166.57,8.69,18.17,0.95,,,,,4,4.97,MCCA,154.7,14,0.79,1,1.5,continuous,No,5,Batch,100
44,1950,169.47,8.69,18.49,0.95,,,,,4,4.97,MCCA,154.7,14,0.79,1,1.5,continuous,No,5,Batch,100
45,1633,145.19,8.89,11.68,0.71,,,,,4,4.97,MCCA,154.7,14,0.79,1,0,continuous,No,5,Batch,100
46,1650,146.67,8.89,11.8,0.71,,,,,4,4.97,MCCA,154.7,14,0.79,1,0,continuous,No,5,Batch,100
47,1800,311.53,17.31,13.7,0.76,,,,,4,4.97,MCCA,154.7,14,0.79,1,1.5,continuous,No,5,Batch,100
48,1833,335.24,18.29,13.95,0.76,,,,,4,4.97,MCCA,154.7,14,0.79,1,1.5,continuous,No,5,Batch,100
49,1650,187.23,11.35,11.93,0.72,,,,,4,4.97,MCCA,154.7,14,0.79,1,0,continuous,No,5,Batch,100
50,1617,183.45,11.35,11.69,0.72,,,,,4,4.97,MCCA,154.7,14,0.79,1,0,continuous,No,5,Batch,100
51,1483,245.02,16.52,10.66,0.72,,,,,4,4.97,MCCA,154.7,14,0.79,1,1.5,continuous,No,5,Batch,100
52,1500,247.83,16.52,10.79,0.72,,,,,4,4.97,MCCA,154.7,14,0.79,1,1.5,continuous,No,5,Batch,100
53,1383,235.63,17.03,10.67,0.7,,,,,5,4.97,MCCA,154.7,14,0.79,1,0,continuous,No,5,Batch,100
54,1367,251.11,18.37,11.98,0.79,,,,,5,4.97,MCCA,154.7,14,0.79,1,0,continuous,No,5,Batch,100
55,1833,152.46,8.32,13.61,0.74,,,,,5,4.97,MCCA,154.7,14,0.79,1,1.5,continuous,No,5,Batch,100
56,1750,145.53,8.32,12.99,0.74,,,,,5,4.97,MCCA,154.7,14,0.79,1,1.5,continuous,No,5,Batch,100
57,1750,113.21,6.47,10.54,0.6,,,,,5,4.97,MCCA,154.7,14,0.79,1,1.5,continuous,No,5,Batch,100
58,1817,117.52,6.47,10.94,0.6,,,,,5,4.97,MCCA,154.7,14,0.79,1,1.5,continuous,No,5,Batch,100
59,1867,101.48,5.44,14.95,0.8,,,,,5,4.97,MCCA,154.7,14,0.79,1,1.5,continuous,No,5,Batch,100
60,1700,92.42,5.44,13.61,0.8,,,,,5,4.97,MCCA,154.7,14,0.79,1,1.5,continuous,No,5,Batch,100
61,1450,124.82,8.61,1.54,0.11,,,,,7,4.97,MCCA,154.7,14,0.79,1,1.5,continuous,No,5,Batch,100
62,1317,113.34,8.61,1.4,0.11,,,,,7,4.97,MCCA,154.7,14,0.79,1,1.5,continuous,No,5,Batch,100
63,1533,96.64,6.3,1.25,0.08,,,,,7,4.97,MCCA,154.7,14,0.79,1,1.5,continuous,No,5,Batch,100
64,1350,85.08,6.3,1.1,0.08,,,,,7,4.97,MCCA,154.7,14,0.79,1,1.5,continuous,No,5,Batch,100
65,1667,140.25,8.42,2.74,0.16,,,,,7,4.97,MCCA,154.7,14,0.79,1,1.5,continuous,No,5,Batch,100
66,1650,138.85,8.42,2.72,0.16,,,,,7,4.97,MCCA,154.7,14,0.79,1,1.5,continuous,No,5,Batch,100
67,1767,50.3,2.85,1.45,0.08,,,,,7,4.97,MCCA,154.7,14,0.79,1,1.5,continuous,No,5,Batch,100
68,1750,49.83,2.85,1.44,0.08,,,,,7,4.97,MCCA,154.7,14,0.79,1,1.5,continuous,No,5,Batch,100
69,1800,57.81,3.21,8.34,0.46,,,,,7,4.97,MCCA,154.7,14,0.79,1,0,continuous,No,5,Batch,100
70,1717,55.13,3.21,7.95,0.46,,,,,7,4.97,MCCA,154.7,14,0.79,1,0,continuous,No,5,Batch,100
71,1283,109.26,8.51,12.74,1.03,,,,,7,4.97,MCCA,154.7,14,0.79,1,1.5,continuous,No,5,Batch,100
72,1367,116.36,8.51,12.22,1.03,,,,,7,4.97,MCCA,154.7,14,0.79,1,1.5,continuous,No,5,Batch,100
73,2233,189.12,8.16,3.42,0.15,3.02,,,,6,4.97,MCCA,154.7,14,0.8,1,1.5,continuous,No,5,Batch,100
74,2167,189.12,8.16,3.66,0.15,2.78,,,,6,4.97,MCCA,154.7,14,0.8,1,1.5,continuous,No,5,Batch,100
75,2017,180.31,7.67,3.56,0.16,2.78,,,,6,4.97,MCCA,154.7,14,0.8,1,0,continuous,No,5,Batch,100
76,2133,177.75,7.67,3.72,0.16,2.86,,,,6,4.97,MCCA,154.7,14,0.8,1,0,continuous,No,5,Batch,100
77,1233,221.21,17.94,17.18,1.45,7.86,,,,5,4.97,MCCA,154.7,14,0.8,1,1.5,continuous,No,5,Batch,100
78,1183,212.24,17.94,17.91,1.45,7.46,,,,5,4.97,MCCA,154.7,14,0.8,1,1.5,continuous,No,5,Batch,100
79,2050,363.97,15.94,13.46,0.58,3.02,,,,6,4.97,MCCA,154.7,14,0.8,1,1.5,continuous,No,5,Batch,100
80,2067,356,15.94,13.17,0.58,3.02,,,,6,4.97,MCCA,154.7,14,0.8,1,1.5,continuous,No,5,Batch,100
81,1900,305.42,14.54,11.25,0.52,3.41,,,,6,4.97,MCCA,154.7,14,0.8,1,0,continuous,No,5,Batch,100
82,2000,312.69,14.54,10.81,0.52,3.1,,,,6,4.97,MCCA,154.7,14,0.8,1,0,continuous,No,5,Batch,100
83,1250,439.13,35.13,8.15,0.58,4.84,,,,5,4.97,MCCA,154.7,14,0.8,1,1.5,continuous,No,5,Batch,100
84,1250,443.38,35.47,8.06,0.58,4.68,,,,5,4.97,MCCA,154.7,14,0.8,1,1.5,continuous,No,5,Batch,100
85,900,82.8,9.03,2.03,0.22,8.1,,,,5,4.97,MCCA,154.7,14,0.8,0,1.5,continuous,No,5,Batch,100
86,950,87.31,9.03,2.14,0.22,7.3,,,,5,4.97,MCCA,154.7,14,0.8,0,1.5,continuous,No,5,Batch,100
87,1917,233.29,12.17,4.97,0.27,4.21,,,,7,4.97,MCCA,154.7,14,0.8,1,1.5,continuous,No,5,Batch,100
88,2117,258.14,12.2,4.77,0.27,4.6,,,,7,4.97,MCCA,154.7,14,0.8,1,1.5,continuous,No,5,Batch,100
89,1333,504.92,37.87,9.63,0.78,6.03,,,,7,4.97,MCCA,154.7,14,0.8,0,1.5,continuous,No,5,Batch,100
90,1283,485.98,37.87,10.41,0.78,5.95,,,,7,4.97,MCCA,154.7,14,0.8,0,1.5,continuous,No,5,Batch,100
91,1167,328.35,28.14,10.79,0.94,8.17,,,,9,4.97,MCCA,154.7,14,0.8,1,1.5,0.5 h on 0.5 h off,No,10,Batch,100
92,1267,356.49,28.14,11.41,0.94,8.57,,,,9,4.97,MCCA,154.7,14,0.8,1,1.5,0.5 h on 0.5 h off,No,10,Batch,100
93,1067,363.17,34.05,11,1.04,5.24,,,,9,4.97,MCCA,154.7,14,0.8,1,1.5,12 h on 12 h off,No,10,Batch,100
94,1133,385.87,34.05,11.68,1.04,6.19,,,,9,4.97,MCCA,154.7,14,0.8,1,1.5,12 h on 12 h off,No,10,Batch,100
95,1017,347.13,34.14,5.03,0.59,8.93,4.71,2.42,6.58,10,4.97,MCCA,154.7,14,0.79,1,1.5,12 h on 12 h off,No,10,Batch,100
96,1017,347.13,34.14,4.93,0.59,7.6,5,2.56,6.45,10,4.97,MCCA,154.7,14,0.79,1,1.5,12 h on 12 h off,No,10,Batch,100
97,983,326.48,33.2,6.09,0.78,8.26,4.64,1.88,5.01,10,4.97,MCCA,154.7,14,0.79,1,1.5,0.5 h on 0.5 h off,No,10,Batch,100
98,983,326.48,33.2,6.48,0.78,8.02,4.54,1.94,4.92,10,4.97,MCCA,154.7,14,0.79,1,1.5,0.5 h on 0.5 h off,No,10,Batch,100
99,1667,403.57,24.21,5.64,0.4,3.88,13.77,5.48,18.36,8,4.97,MCCA,154.7,14,0.79,1,1.5,12 h on 12 h off,No,10,Batch,100
100,1667,403.57,24.21,5.91,0.4,4.79,14.31,6.41,17.72,8,4.97,MCCA,154.7,14,0.79,1,1.5,12 h on 12 h off,No,10,Batch,100
101,1617,374.76,23.18,7.44,0.52,3.06,13.79,4.91,16.71,8,4.97,MCCA,154.7,14,0.79,1,1.5,0.5 h on 0.5 h off,No,10,Batch,100
102,1533,355.44,23.18,8.13,0.52,3.22,13.17,4.98,16.37,8,4.97,MCCA,154.7,14,0.79,1,1.5,0.5 h on 0.5 h off,No,10,Batch,100
103,1354,608.55,44.94,15.48,1.14,10.32,1.23,2.18,,10,4.97,MCCA,154.7,14,0.79,1,1.5,continuous,No,5,Batch,100
104,1354,608.55,44.94,15.48,1.14,9.68,1.22,2.23,,10,4.97,MCCA,154.7,14,0.79,1,1.5,continuous,No,5,Batch,100
105,1283,528.85,41.21,13.36,1.04,7.78,1.6,2.1,,10,4.97,MCCA,154.7,14,0.79,1,1.5,continuous,No,5,Batch,100
106,1167,480.77,41.21,12.15,1.04,8.17,1.57,2.21,,10,4.97,MCCA,154.7,14,0.79,1,1.5,continuous,No,5,Batch,100
107,1233,496.62,40.27,12.37,0.99,4.52,2.41,1.78,6.15,10,4.97,MCCA,154.7,14,0.79,1,1.5,continuous,No,5,Batch,100
108,1150,463.06,40.27,12.27,0.98,3.25,2.27,1.79,5.81,10,4.97,MCCA,154.7,14,0.79,1,1.5,continuous,No,5,Batch,100
109,1067,384.32,36.03,38.35,3.29,22.22,1.41,1.46,4.85,10,4.97,MCCA,154.7,14,0.79,1,1.5,continuous,Yes,5,Batch,100
110,1017,366.3,36.03,37.8,3.29,22.38,1.36,1.43,4.96,10,4.97,MCCA,154.7,14,0.79,1,1.5,continuous,Yes,5,Batch,100
111,1500,458.17,30.54,13.35,0.95,99.68,7.88,4.37,11.69,10,4.97,MCCA,154.7,14,0.79,1,1.5,continuous,Yes,10,Batch,100
112,1500,476.28,31.75,14.96,1.06,99.29,7.84,4.14,10.61,10,4.97,MCCA,154.7,14,0.79,1,1.5,continuous,Yes,10,Batch,100
113,1217,390.73,24.68,10.02,0.63,7.02,7.39,4.8,8.92,6,4.97,MCCA,154.7,14.32,0.79,1,1.5,continuous,No,10,Batch,100
114,1167,366.06,24.68,9.39,0.63,7.44,7.4,4.83,9.06,6,4.97,MCCA,154.7,14.32,0.79,1,1.5,continuous,No,10,Batch,100
115,1017,276.13,30.68,8.77,0.97,4.21,1.06,3.71,4.75,6,4.97,MCCA,154.7,14.32,0.79,1,1.5,continuous,No,5,Batch,100
116,967,301.7,30.68,9.59,0.97,4.05,1.06,3.76,4.67,6,4.97,MCCA,154.7,14.32,0.79,1,1.5,continuous,No,5,Batch,100
117,1083,,,12.06,1.54,,,,,8,4.97,MCCA,154.7,14.32,0.79,1,1.5,continuous,No,5,Batch,100
118,950,,,13.09,1.54,,,,,8,4.97,MCCA,154.7,14.32,0.79,1,1.5,continuous,No,5,Batch,100
119,1516,143.01,9.13,5.52,0.89,4.13,9.95,5.71,17.94,8,4.97,MCCA,154.7,14.32,0.79,1,1.5,continuous,No,5,Batch,100
120,1655,134.42,8.86,5.07,0.89,4.21,9.65,5.66,17.15,8,4.97,MCCA,154.7,14.32,0.79,1,1.5,continuous,No,5,Batch,100
121,1867,656.65,35.18,14.94,1,9.52,6.51,4.41,12.95,12,4.97,MCCA,154.7,14.32,0.79,1,1.5,continuous,No,5,Batch,100
122,1800,598.99,33.28,16.27,1.05,9.37,7.08,4.43,13.44,12,4.97,MCCA,154.7,14.32,0.79,1,1.5,continuous,No,5,Batch,100
123,1650,393.12,30.63,12.99,1.01,6.03,8.24,5.41,14.66,6,4.97,MCCA,154.7,14.32,0.79,1,1.5,continuous,No,5,Batch,100
124,1633,412.33,32.13,13.73,1.07,6.19,7.67,5.38,14.9,6,4.97,MCCA,154.7,14.32,0.79,1,1.5,continuous,No,5,Batch,100
125,1817,248.32,25.52,37.25,2.19,5.16,5.27,4.14,10.09,6,4.97,MCCA,154.7,14.32,0.79,1,1.5,continuous,No,5,Batch,100
126,1833,249.73,25.76,41.78,2.39,4.92,5.28,4.14,10.22,6,4.97,MCCA,154.7,14.32,0.79,1,1.5,continuous,No,5,Batch,100
127,1233,475.09,31.32,28.51,1.88,9.08,3.41,5.73,19.02,5,4.97,MCCA,154.7,14,0.79,0.5,1.5,continuous,Yes,10,SBR,50
128,1467,441.57,35.8,23.41,1.9,10.56,7.83,4.75,17.31,3,4.97,MCCA,154.7,14,0.79,0.5,1.5,continuous,Yes,10,SBR,50
129,1467,522.92,35.65,26.84,1.83,5.87,7.99,6.71,16.27,4,4.97,MCCA,154.7,14,0.79,0.5,1.5,continuous,Yes,10,SBR,50
130,1650,358.65,24.45,17.13,1.17,4.29,,4.76,20.57,4,4.97,MCCA,154.7,14,0.79,0.5,1.5,continuous,Yes,10,SBR,50
131,1017,373.85,22.66,17.48,1.06,5.48,,5.61,13,4,4.97,MCCA,154.7,14,0.79,0.5,1.5,continuous,Yes,10,SBR,50
132,1200,248.13,24.41,11.67,1.15,4.76,,6.13,15.31,5,4.97,MCCA,154.7,14,0.79,0.5,1.5,continuous,Yes,10,SBR,50
133,1483,243.38,20.28,11.92,0.99,10.4,,5.21,15.68,6,4.97,MCCA,154.7,14,0.79,0.5,1.5,continuous,Yes,10,SBR,50
134,1667,186.73,12.59,11.45,0.77,10.48,8.22,4.91,14.62,8,4.97,MCCA,154.7,14,0.79,0.25,1.5,continuous,Yes,10,SBR,50
135,1550,199.99,12,16.55,0.99,8.89,8.93,5.27,13.47,9,4.97,MCCA,154.7,14,0.79,0.25,1.5,continuous,Yes,10,SBR,50
136,1600,268.55,17.33,19.8,1.28,19.44,8.92,4.92,13.05,5,4.97,MCCA,154.7,14,0.79,0.25,1.5,continuous,Yes,10,SBR,50
137,1567,206.17,12.89,23.06,1.44,77.78,7.98,4.73,9.47,8,4.97,MCCA,154.7,14,0.79,0.25,1.5,continuous,Yes,10,SBR,50
138,1433,196.29,12.53,23.8,1.52,73.25,8.23,4.54,9.6,7,4.97,MCCA,154.7,14,0.79,0.25,1.5,continuous,Yes,10,SBR,50
139,1800,154.06,10.75,28.62,2,76.35,7.98,4.22,9.34,7,4.97,MCCA,154.7,14,0.79,0.25,1.5,continuous,Yes,10,SBR,50
140,1783,197.88,10.99,39.67,2.2,73.41,8.06,4.27,9.36,8,4.97,MCCA,154.7,14,0.79,0.25,1.5,continuous,Yes,10,SBR,50
141,1667,298.55,17.91,53.76,3.23,87.86,7.62,3.32,11.12,7,4.97,MCCA,154.7,14,0.79,0.1,1.5,continuous,Yes,10,SBR,50
142,1800,417.1,23.17,62.45,3.47,68.57,7.95,4.31,10.72,7,4.97,MCCA,154.7,14,0.79,0.1,1.5,continuous,Yes,10,SBR,50
143,1817,261.34,14.65,50.96,2.86,63.57,8.81,5.54,10.55,7,4.97,MCCA,154.7,14,0.79,0.1,1.5,continuous,Yes,10,SBR,50
144,1833,474.57,26.12,40.24,2.21,64.6,10.61,4.46,8.51,6,4.97,MCCA,154.7,14,0.79,0.1,1.5,continuous,Yes,10,SBR,50
145,1800,603.91,32.94,47.07,2.57,65.95,9.34,4.44,8.8,6,4.97,MCCA,154.7,14,0.79,0.1,1.5,continuous,Yes,10,SBR,50
146,1800,596.09,33.12,38.64,2.15,60.32,9.12,4.4,8.77,6,4.97,MCCA,154.7,14,0.79,0.1,1.5,continuous,Yes,10,SBR,50
147,1667,596.01,33.11,35.47,1.97,64.52,8.75,4.74,9.3,5,4.97,MCCA,154.7,14,0.79,0.1,1.5,continuous,Yes,10,SBR,50
148,1583,473,28.38,31.82,1.91,93.17,8.56,4.12,8.66,5,4.97,MCCA,154.7,14,0.79,0.1,1.5,continuous,Yes,10,SBR,50
149,1200,505.25,32.25,32.71,2.09,,7.82,5.31,17.77,5,4.97,MCCA,154.7,14,0.79,0.5,1.5,continuous,Yes,10,SBR,50
150,1433,399.73,33.31,19.8,1.65,,2.84,4.9,17.79,3,4.97,MCCA,154.7,14,0.79,0.5,1.5,continuous,Yes,10,SBR,50
151,1317,468.42,32.68,22.76,1.59,,8.81,7.1,15.32,4,4.97,MCCA,154.7,14,0.79,0.5,1.5,continuous,Yes,10,SBR,50
152,1683,319.15,24.24,16.71,1.27,,8.93,5.08,21.49,4,4.97,MCCA,154.7,14,0.79,0.5,1.5,continuous,Yes,10,SBR,50
153,950,376.64,22.37,17.62,1.05,,,5.78,12.15,4,4.97,MCCA,154.7,14,0.79,0.5,1.5,continuous,Yes,10,SBR,50
154,1200,190.45,20.05,8.96,0.94,,,5.85,14.97,5,4.97,MCCA,154.7,14,0.79,0.5,1.5,continuous,Yes,10,SBR,50
155,1567,253.73,21.14,11.48,0.96,10.08,8.19,5.09,18.8,6,4.97,MCCA,154.7,14,0.79,0.5,1.5,continuous,Yes,10,SBR,50
156,1567,179.6,11.46,13.34,0.85,11.03,9.31,5.03,12.79,8,4.97,MCCA,154.7,14,0.79,0.25,1.5,continuous,Yes,10,SBR,50
157,1533,183.35,11.7,14.67,0.94,10,8.43,4.97,13.92,9,4.97,MCCA,154.7,14,0.79,0.25,1.5,continuous,Yes,10,SBR,50
158,1550,246.35,16.07,17.05,1.11,20.79,8.24,5.14,15.48,5,4.97,MCCA,154.7,14,0.79,0.25,1.5,continuous,Yes,10,SBR,50
159,1517,202.07,13.04,22.89,1.48,77.78,8.07,5.11,11.05,8,4.97,MCCA,154.7,14,0.79,0.25,1.5,continuous,Yes,10,SBR,50
160,1550,196.32,12.94,22.68,1.5,75.4,8.1,4.95,10.71,7,4.97,MCCA,154.7,14,0.79,0.25,1.5,continuous,Yes,10,SBR,50
161,1800,172.3,11.12,34.15,2.2,78.17,7.65,4.31,9.88,7,4.97,MCCA,154.7,14,0.79,0.25,1.5,continuous,Yes,10,SBR,50
162,1783,183.2,10.18,37.68,2.09,75.79,8.02,3.96,8.75,8,4.97,MCCA,154.7,14,0.79,0.25,1.5,continuous,Yes,10,SBR,50
163,1683,304.02,18.06,53.33,3.17,88.17,8.07,3.34,11.32,7,4.97,MCCA,154.7,14,0.79,0.1,1.5,continuous,Yes,10,SBR,50
164,1733,445.23,25.69,53.9,3.11,66.67,8.12,3.95,9.11,7,4.97,MCCA,154.7,14,0.79,0.1,1.5,continuous,Yes,10,SBR,50
165,1900,258.7,14.51,50.02,2.8,70.24,10.47,5.38,10.32,7,4.97,MCCA,154.7,14,0.79,0.1,1.5,continuous,Yes,10,SBR,50
166,1817,516.06,27.16,40.36,2.12,63.1,8.91,4.58,8.91,6,4.97,MCCA,154.7,14,0.79,0.1,1.5,continuous,Yes,10,SBR,50
167,1783,592.28,32.6,41.65,2.29,68.97,8.52,4.63,9.28,6,4.97,MCCA,154.7,14,0.79,0.1,1.5,continuous,Yes,10,SBR,50
168,1817,591.14,33.15,38.18,2.14,61.83,10,3.92,8.4,6,4.97,MCCA,154.7,14,0.79,0.1,1.5,continuous,Yes,10,SBR,50
169,1650,617.47,33.99,35.72,1.97,66.67,7.64,4.77,9.73,5,4.97,MCCA,154.7,14,0.79,0.1,1.5,continuous,Yes,10,SBR,50
170,1600,495.49,30.03,33.34,2.02,92.54,7.95,4.55,6.66,5,4.97,MCCA,154.7,14,0.79,0.1,1.5,continuous,Yes,10,SBR,50
171,1383,364.22,26.33,35.12,2.54,31.03,6.69,5.06,10.7,4,4.97,MCCA,154.7,14,0.79,0.5,1.5,continuous,Yes,10,SBR,90
172,1483,357.67,24.11,18.96,1.28,5.24,8.57,4.62,10.1,7,4.97,MCCA,154.7,14,0.79,0.5,1.5,continuous,Yes,10,SBR,90
173,1467,227.36,15.5,25.32,1.73,57.06,7.03,3.8,9.6,8,4.97,MCCA,154.7,14,0.79,0.5,1.5,continuous,Yes,10,SBR,90
174,1533,194.24,12.67,17.91,1.17,,,3.6,9.54,8,4.97,MCCA,154.7,14,0.79,0.5,1.5,continuous,Yes,10,SBR,90
175,1250,129.37,10.35,17.64,1.41,50.4,6.62,4.14,8.92,8,4.97,MCCA,154.7,14,0.79,0.5,1.5,continuous,Yes,10,SBR,90
176,1483,173.46,11.69,13.37,0.9,51.35,9.04,4.84,10.75,8,4.97,MCCA,154.7,14,0.79,0.1,1.5,continuous,Yes,10,SBR,90
177,1267,356.13,28.12,19.45,1.54,,6.62,4.62,17.52,9,4.97,MCCA,154.7,14,0.79,0.1,1.5,continuous,Yes,10,SBR,90
178,1317,282.07,21.42,12.95,0.98,25.87,5.74,3.53,12.65,8,4.97,MCCA,154.7,14,0.79,0.1,1.5,continuous,Yes,10,SBR,90
179,1450,309.57,21.35,13.09,0.9,16.03,7.39,4.73,9.53,9,4.97,MCCA,154.7,14,0.79,0.1,1.5,continuous,Yes,10,SBR,90
180,1400,410.45,29.32,11.19,0.8,14.52,7.62,3.85,8.52,12,4.97,MCCA,154.7,14,0.79,0.1,1.5,continuous,Yes,10,SBR,90
181,1550,386.96,24.97,13.92,0.9,37.3,6.45,2.75,4.08,12,4.97,MCCA,154.7,14,0.79,0.1,1.5,continuous,Yes,10,SBR,90
182,1383,338.2,24.45,32.13,2.32,31.35,6.57,5.2,11.89,4,4.97,MCCA,154.7,14,0.79,0.5,1.5,continuous,Yes,10,SBR,90
183,1567,363.24,23.19,20.39,1.3,,8.47,4.41,10.01,7,4.97,MCCA,154.7,14,0.79,0.5,1.5,continuous,Yes,10,SBR,90
184,1500,206.76,13.78,23.11,1.54,54.84,7.43,3.85,10.65,8,4.97,MCCA,154.7,14,0.79,0.5,1.5,continuous,Yes,10,SBR,90
185,1450,184.09,12.7,17.05,1.18,,,3.86,9.46,8,4.97,MCCA,154.7,14,0.79,0.5,1.5,continuous,Yes,10,SBR,90
186,1417,147.6,10.42,20.34,1.44,50.4,6.83,3.65,8.01,8,4.97,MCCA,154.7,14,0.79,0.5,1.5,continuous,Yes,10,SBR,90
187,1533,181.96,11.87,13.38,0.87,52.78,8.75,4.56,9.99,8,4.97,MCCA,154.7,14,0.79,0.1,1.5,continuous,Yes,10,SBR,90
188,1300,382.28,29.41,20.77,1.6,,7.15,4.46,17.47,9,4.97,MCCA,154.7,14,0.79,0.1,1.5,continuous,Yes,10,SBR,90
189,1183,208.68,17.63,8.55,0.72,24.68,5.93,3.87,15.34,8,4.97,MCCA,154.7,14,0.79,0.1,1.5,continuous,Yes,10,SBR,90
190,1400,335.74,23.98,16.43,1.17,16.03,7.77,4.43,10.13,9,4.97,MCCA,154.7,14,0.79,0.1,1.5,continuous,Yes,10,SBR,90
191,1367,365.14,26.72,9.17,0.67,14.21,6.86,4.14,9.51,12,4.97,MCCA,154.7,14,0.79,0.1,1.5,continuous,Yes,10,SBR,90
192,1633,422.32,25.86,16.6,1.02,37.62,7.2,2.61,4.11,12,4.97,MCCA,154.7,14,0.79,0.1,1.5,continuous,Yes,10,SBR,90
193,1383,364.22,26.33,35.12,2.54,31.03,4.84,5.06,10.79,4,4.97,MCCA,154.7,14,0.79,0.25,1.5,continuous,Yes,10,SBR,90
194,1433,329.72,23,16.87,1.18,,5.58,5.01,10.54,7,4.97,MCCA,154.7,14,0.79,0.25,1.5,continuous,Yes,10,SBR,90
195,1167,198.9,17.05,20.66,1.77,96.43,6.5,4.02,10.36,8,4.97,MCCA,154.7,14,0.79,0.25,1.5,continuous,Yes,10,SBR,90
196,1483,176.39,11.89,15.46,1.04,35.71,,4.23,9.23,8,4.97,MCCA,154.7,14,0.79,0.25,1.5,continuous,Yes,10,SBR,90
197,1450,171.98,11.86,19.24,1.33,,4.47,3.19,6.88,8,4.97,MCCA,154.7,14,0.79,0.25,1.5,continuous,Yes,10,SBR,90
198,1617,142.45,8.81,11,0.68,51.43,4.84,3.57,6.35,8,4.97,MCCA,154.7,14,0.79,0.25,1.5,continuous,Yes,10,SBR,90
199,1467,107.91,7.36,27.58,1.88,16.43,5.49,3.98,6.26,9,4.97,MCCA,154.7,14,0.79,0.25,1.5,continuous,Yes,10,SBR,90
200,1550,153.74,9.92,30.74,1.98,63.81,3.42,1.96,6.6,8,4.97,MCCA,154.7,14,0.79,0.25,1.5,continuous,Yes,10,SBR,90
201,1517,,,24.28,1.6,56.19,4.31,3.04,6.87,9,4.97,MCCA,154.7,14,0.79,0.25,1.5,continuous,Yes,10,SBR,90
202,1600,,,15.42,0.96,15.79,4.25,2.95,5.79,12,4.97,MCCA,154.7,14,0.79,0.25,1.5,continuous,Yes,10,SBR,90
203,1383,338.2,24.45,32.13,2.32,31.35,4.75,5.2,11.89,4,4.97,MCCA,154.7,14,0.79,0.25,1.5,continuous,Yes,10,SBR,90
204,1417,329.36,23.25,17.17,1.21,,6.3,5.13,11.07,7,4.97,MCCA,154.7,14,0.79,0.25,1.5,continuous,Yes,10,SBR,90
205,1250,205.76,16.46,17.56,1.41,96.03,5.48,4.05,11.25,8,4.97,MCCA,154.7,14,0.79,0.25,1.5,continuous,Yes,10,SBR,90
206,1433,167.51,11.69,14.56,1.02,34.05,,3.92,10.56,8,4.97,MCCA,154.7,14,0.79,0.25,1.5,continuous,Yes,10,SBR,90
207,1400,192.89,13.78,2.14,0.15,,4.87,3.87,8.95,8,4.97,MCCA,154.7,14,0.79,0.25,1.5,continuous,Yes,10,SBR,90
208,1483,147.64,9.95,11.82,0.8,49.52,5.36,3.68,6.88,8,4.97,MCCA,154.7,14,0.79,0.25,1.5,continuous,Yes,10,SBR,90
209,1600,108.86,6.8,28.33,1.77,16.67,5.43,4.01,6.99,9,4.97,MCCA,154.7,14,0.79,0.25,1.5,continuous,Yes,10,SBR,90
210,1400,112.13,8.01,25.88,1.85,66.27,4.25,2.14,7.5,8,4.97,MCCA,154.7,14,0.79,0.25,1.5,continuous,Yes,10,SBR,90
211,1517,,,24.3,1.6,53.81,4.44,3.55,7.48,9,4.97,MCCA,154.7,14,0.79,0.25,1.5,continuous,Yes,10,SBR,90
212,1383,,,12.45,0.9,,4.9,3.36,6.58,12,4.97,MCCA,154.7,14,0.79,0.25,1.5,continuous,Yes,10,SBR,90